﻿<?xml version="1.0" encoding="utf-8"?>
<RoleModel xmlns:xsi="http://www.w3.org/2001/XMLSchema-instance" xmlns:xsd="http://www.w3.org/2001/XMLSchema" name="UEFARankingV2" version="2.5.6496.10" xmlns="http://schemas.microsoft.com/ServiceHosting/2008/10/ServiceDefinition">
  <Runtime>
    <EntryPoint>
      <NetFxEntryPoint assemblyName="UEFARankingV2.dll" targetFrameworkVersion="v4.0" />
    </EntryPoint>
  </Runtime>
  <Properties>
    <Property name="TargetFrameworkVersion" value="v4.5" />
    <Property name="RoleType" value="Web" />
    <Property name="RoleName" value="UEFARankingV2" />
    <Property name="ProjectName" value="UEFARankingV2" />
    <Property name="Configuration" value="Debug" />
    <Property name="Platform" value="AnyCPU" />
    <Property name="SetConfiguration" value="Configuration=Debug" />
    <Property name="SetPlatform" value="Platform=AnyCPU" />
    <Property name="RoleTargetFramework" value="v4.5" />
    <Property name="OutputDir" value="C:\Users\Daniel\documents\visual studio 2013\Projects\UefaRankingV2\UEFARankingV2.Azure\obj\Debug\UEFARankingV2\" />
    <Property name="EntryPoint" value="UEFARankingV2.dll" />
    <Property name="SourceDir" value="C:\Users\Daniel\documents\visual studio 2013\Projects\UefaRankingV2\UEFARankingV2\" />
    <Property name="SitePhysicalPath" value="C:\Users\Daniel\documents\visual studio 2013\Projects\UefaRankingV2\UEFARankingV2\" />
    <Property name="TargetRuntimeVersion" value="v4.0" />
  </Properties>
  <Sites>
    <Site name="Web" physicalDirectory="C:\Users\Daniel\documents\visual studio 2013\Projects\UefaRankingV2\UEFARankingV2\">
      <Bindings>
        <Binding name="Endpoint1" endpointName="Endpoint1" />
      </Bindings>
    </Site>
  </Sites>
</RoleModel>